,precision,recall,f1-score,support
1,1.0,0.8666666666666667,0.9285714285714286,15.0
weighted avg,0.9349112426035503,0.9230769230769231,0.9235347985347985,26.0
accuracy,0.9230769230769231,0.9230769230769231,0.9230769230769231,0.9230769230769231
macro avg,0.9230769230769231,0.9333333333333333,0.9226190476190477,26.0
0,0.8461538461538461,1.0,0.9166666666666666,11.0
